mpId,nameFirst,nameLast,libelleAbrev,mandat,search,bluesky,pseudo,active
PA795228,Nadège,Abomangoli,LFI-NFP,1,https://bsky.app/search?q=Nad%C3%A8ge+Abomangoli,1,nadege-abomangoli.bsky.social,1
PA794278,Xavier,Albertini,HOR,1,https://bsky.app/search?q=Xavier+Albertini,0,,
PA793262,Laurent,Alexandre,LFI-NFP,1,https://bsky.app/search?q=Laurent+Alexandre,0,,
PA793992,Henri,Alfandari,HOR,1,https://bsky.app/search?q=Henri+Alfandari,0,,
PA841067,Alexandre,Allegret-Pilot,UDR,1,https://bsky.app/search?q=Alexandre+Allegret-Pilot,0,,
PA840665,Marie-José,Allemand,SOC,1,https://bsky.app/search?q=Marie-Jos%C3%A9+Allemand,0,,
PA793432,Franck,Allisio,RN,1,https://bsky.app/search?q=Franck+Allisio,0,,
PA841207,Charles,Alloncle,UDR,1,https://bsky.app/search?q=Charles+Alloncle,0,,
PA794906,Gabriel,Amard,LFI-NFP,1,https://bsky.app/search?q=Gabriel+Amard,1,gabrielamard.bsky.social,1
PA841495,Maxime,Amblard,RN,1,https://bsky.app/search?q=Maxime+Amblard,0,,
PA795950,David,Amiel,EPR,1,https://bsky.app/search?q=David+Amiel,0,,
PA794138,Ségolène,Amiot,LFI-NFP,1,https://bsky.app/search?q=S%C3%A9gol%C3%A8ne+Amiot,1,segoleneamiot.bsky.social,1
PA610968,Pouria,Amirshahi,ECOS,1,https://bsky.app/search?q=Pouria+Amirshahi,1,pouriaamirshahi.bsky.social,1
PA795588,Farida,Amrani,LFI-NFP,1,https://bsky.app/search?q=Farida+Amrani,1,faridaamrani.bsky.social,1
PA721158,Pieyre-Alexandre,Anglade,EPR,1,https://bsky.app/search?q=Pieyre-Alexandre+Anglade,0,,
PA795084,Rodrigo,Arenas,LFI-NFP,1,https://bsky.app/search?q=Rodrigo+Arenas,1,rodrigoarenas.bsky.social,1
PA795144,Antoine,Armand,EPR,1,https://bsky.app/search?q=Antoine+Armand,0,,
PA842105,Raphaël,Arnault,LFI-NFP,1,https://bsky.app/search?q=Rapha%C3%ABl+Arnault,1,arnaultraphael.bsky.social,1
PA793780,Christine,Arrighi,ECOS,1,https://bsky.app/search?q=Christine+Arrighi,1,christinearrighi.bsky.social,1
PA722190,Gabriel,Attal,EPR,1,https://bsky.app/search?q=Gabriel+Attal,1,gabriel-attal.bsky.social,0
PA588884,Clémentine,Autain,ECOS,1,https://bsky.app/search?q=Cl%C3%A9mentine+Autain,1,clementineautain.bsky.social,1
PA796118,Bénédicte,Auzanot,RN,1,https://bsky.app/search?q=B%C3%A9n%C3%A9dicte+Auzanot,0,,
PA642764,Joël,Aviragnet,SOC,1,https://bsky.app/search?q=Jo%C3%ABl+Aviragnet,0,,
PA841701,Léa,Balage El Mariky,ECOS,1,https://bsky.app/search?q=L%C3%A9a+Balage%20El%20Mariky,1,leabalage.bsky.social,1
PA719558,Erwan,Balanant,DEM,1,https://bsky.app/search?q=Erwan+Balanant,1,erwanbalanant.bsky.social,1
PA794562,Philippe,Ballard,RN,1,https://bsky.app/search?q=Philippe+Ballard,0,,
PA842279,Anchya,Bamana,RN,1,https://bsky.app/search?q=Anchya+Bamana,0,,
PA720256,Géraldine,Bannier,DEM,1,https://bsky.app/search?q=G%C3%A9raldine+Bannier,0,,
PA643143,Christian,Baptiste,SOC,1,https://bsky.app/search?q=Christian+Baptiste,0,,
PA267561,Brigitte,Barèges,UDR,1,https://bsky.app/search?q=Brigitte+Bar%C3%A8ges,0,,
PA721836,Jean-Noël,Barrot,DEM,0,https://bsky.app/search?q=Jean-No%C3%ABl+Barrot,1,jnbarrot.bsky.social,1
PA793238,Christophe,Barthès,RN,1,https://bsky.app/search?q=Christophe+Barth%C3%A8s,0,,
PA840829,Fabrice,Barusseau,SOC,1,https://bsky.app/search?q=Fabrice+Barusseau,0,,
PA267763,Jean-Pierre,Bataille,LIOT,1,https://bsky.app/search?q=Jean-Pierre+Bataille,0,,
PA335999,Delphine,Batho,ECOS,1,https://bsky.app/search?q=Delphine+Batho,1,delphinebatho.bsky.social,1
PA342415,Marie-Noëlle,Battistel,SOC,1,https://bsky.app/search?q=Marie-No%C3%ABlle+Battistel,1,mnbattistel.bsky.social,0
PA793374,Romain,Baubry,RN,1,https://bsky.app/search?q=Romain+Baubry,0,,
PA606793,Laurent,Baumel,SOC,1,https://bsky.app/search?q=Laurent+Baumel,0,laurentbaumel.bsky.social,1
PA841745,Pascale,Bay,DR,0,https://bsky.app/search?q=Pascale+Bay,0,,
PA642847,Thibault,Bazin,DR,1,https://bsky.app/search?q=Thibault+Bazin,0,,
PA718884,Valérie,Bazin-Malgras,DR,1,https://bsky.app/search?q=Val%C3%A9rie+Bazin-Malgras,0,,
PA793158,José,Beaurain,RN,1,https://bsky.app/search?q=Jos%C3%A9+Beaurain,0,,
PA642935,Olivier,Becht,EPR,1,https://bsky.app/search?q=Olivier+Becht,0,,
PA720362,Belkhir,Belhaddad,EPR,1,https://bsky.app/search?q=Belkhir+Belhaddad,0,,
PA795278,Béatrice,Bellamy,HOR,1,https://bsky.app/search?q=B%C3%A9atrice+Bellamy,0,,
PA842211,Béatrice,Bellay,SOC,1,https://bsky.app/search?q=B%C3%A9atrice+Bellay,0,,
PA795362,Lisa,Belluco,ECOS,1,https://bsky.app/search?q=Lisa+Belluco,1,lisabelluco.bsky.social,1
PA841657,Anaïs,Belouassa-Cherifi,LFI-NFP,1,https://bsky.app/search?q=Ana%C3%AFs+Belouassa-Cherifi,1,anaisbelouassa.bsky.social,1
PA795454,Karim,Ben Cheikh,ECOS,1,https://bsky.app/search?q=Karim+Ben%20Cheikh,0,,
PA796106,Édouard,Bénard,GDR,1,https://bsky.app/search?q=%C3%89douard+B%C3%A9nard,0,,
PA841315,Karim,Benbrahim,SOC,1,https://bsky.app/search?q=Karim+Benbrahim,0,,
PA332228,Thierry,Benoit,HOR,1,https://bsky.app/search?q=Thierry+Benoit,0,,
PA794434,Christophe,Bentz,RN,1,https://bsky.app/search?q=Christophe+Bentz,0,,
PA805166,Anne,Bergantz,DEM,1,https://bsky.app/search?q=Anne+Bergantz,0,,
PA722046,Aurore,Bergé,EPR,0,https://bsky.app/search?q=Aurore+Berg%C3%A9,0,,
PA408578,Jean-Didier,Berger,DR,1,https://bsky.app/search?q=Jean-Didier+Berger,0,,
PA720430,Ugo,Bernalicis,LFI-NFP,1,https://bsky.app/search?q=Ugo+Bernalicis,1,ugobernalicis.bsky.social,1
PA841645,Théo,Bernhardt,RN,1,https://bsky.app/search?q=Th%C3%A9o+Bernhardt,0,,
PA687214,Sylvain,Berrios,HOR,1,https://bsky.app/search?q=Sylvain+Berrios,0,,
PA719218,Hervé,Berville,EPR,1,https://bsky.app/search?q=Herv%C3%A9+Berville,0,,
PA309643,Véronique,Besse,NI,1,https://bsky.app/search?q=V%C3%A9ronique+Besse,0,,
PA793772,Christophe,Bex,LFI-NFP,1,https://bsky.app/search?q=Christophe+Bex,1,christophebex.bsky.social,1
PA842001,Guillaume,Bigot,RN,1,https://bsky.app/search?q=Guillaume+Bigot,0,,
PA720822,Bruno,Bilde,RN,1,https://bsky.app/search?q=Bruno+Bilde,0,,
PA795616,Carlos Martens,Bilongo,LFI-NFP,1,https://bsky.app/search?q=Carlos%20Martens+Bilongo,1,cmbilongo.bsky.social,1
PA840997,Benoît,Biteau,ECOS,1,https://bsky.app/search?q=Beno%C3%AEt+Biteau,1,benoit-biteau.bsky.social,1
PA720668,Emmanuel,Blairy,RN,1,https://bsky.app/search?q=Emmanuel+Blairy,0,,
PA794886,Sophie,Blanc,RN,1,https://bsky.app/search?q=Sophie+Blanc,0,,
PA719024,Christophe,Blanchet,DEM,1,https://bsky.app/search?q=Christophe+Blanchet,0,,
PA774954,Anne-Laure,Blin,DR,1,https://bsky.app/search?q=Anne-Laure+Blin,0,,
PA840889,Matthieu,Bloch,UDR,1,https://bsky.app/search?q=Matthieu+Bloch,0,,
PA796042,Frédéric,Boccaletti,RN,1,https://bsky.app/search?q=Fr%C3%A9d%C3%A9ric+Boccaletti,0,,
PA720162,Philippe,Bolo,DEM,1,https://bsky.app/search?q=Philippe+Bolo,1,pbolo.bsky.social,1
PA793444,Manuel,Bompard,LFI-NFP,1,https://bsky.app/search?q=Manuel+Bompard,1,mbompard.bsky.social,1
PA569,Philippe,Bonnecarrère,NI,1,https://bsky.app/search?q=Philippe+Bonnecarr%C3%A8re,0,,
PA719968,Sylvie,Bonnet,DR,1,https://bsky.app/search?q=Sylvie+Bonnet,0,,
PA841507,Nicolas,Bonnet,ECOS,1,https://bsky.app/search?q=Nicolas+Bonnet,1,nicolasbonnet.fr,1
PA841885,Arnaud,Bonnet,ECOS,1,https://bsky.app/search?q=Arnaud+Bonnet,1,arnaud-bonnet.bsky.social,1
PA721410,Émilie,Bonnivard,DR,1,https://bsky.app/search?q=%C3%89milie+Bonnivard,0,,
PA266793,Jean-Yves,Bony,DR,1,https://bsky.app/search?q=Jean-Yves+Bony,0,,
PA793844,Pascale,Bordes,RN,1,https://bsky.app/search?q=Pascale+Bordes,0,,
PA717161,Élisabeth,Borne,EPR,0,https://bsky.app/search?q=%C3%89lisabeth+Borne,1,elisabeth-borne.bsky.social,1
PA642695,Éric,Bothorel,EPR,1,https://bsky.app/search?q=%C3%89ric+Bothorel,1,bothorel.bsky.social,1
PA721816,Ian,Boucard,DR,1,https://bsky.app/search?q=Ian+Boucard,0,,
PA606507,Florent,Boudié,EPR,1,https://bsky.app/search?q=Florent+Boudi%C3%A9,1,florentboudie.bsky.social,1
PA841487,Anthony,Boulogne,RN,1,https://bsky.app/search?q=Anthony+Boulogne,0,,
PA794094,Mickaël,Bouloux,SOC,1,https://bsky.app/search?q=Micka%C3%ABl+Bouloux,0,,
PA794938,Idir,Boumertit,LFI-NFP,1,https://bsky.app/search?q=Idir+Boumertit,1,idirboumertit.bsky.social,0
PA841131,Manon,Bouquin,RN,1,https://bsky.app/search?q=Manon+Bouquin,0,,
PA342240,Jean-Luc,Bourgeaux,DR,1,https://bsky.app/search?q=Jean-Luc+Bourgeaux,0,,
PA720838,Soumya,Bourouaha,GDR,1,https://bsky.app/search?q=Soumya+Bourouaha,1,soumyabourouaha.bsky.social,0
PA719032,Bertrand,Bouyx,HOR,1,https://bsky.app/search?q=Bertrand+Bouyx,0,,
PA793182,Jorys,Bovet,RN,1,https://bsky.app/search?q=Jorys+Bovet,1,jorysb3.bsky.social,1
PA795318,Louis,Boyard,LFI-NFP,1,https://bsky.app/search?q=Louis+Boyard,1,louisboyard.bsky.social,1
PA841339,Jean-Michel,Brard,HOR,1,https://bsky.app/search?q=Jean-Michel+Brard,0,,
PA721908,Yaël,Braun-Pivet,EPR,1,https://bsky.app/search?q=Ya%C3%ABl+Braun-Pivet,0,,
PA795990,Maud,Bregeon,EPR,1,https://bsky.app/search?q=Maud+Bregeon,0,,
PA330008,Xavier,Breton,DR,1,https://bsky.app/search?q=Xavier+Breton,0,,
PA793508,Hubert,Brigand,DR,1,https://bsky.app/search?q=Hubert+Brigand,0,,
PA721336,Blandine,Brocard,DEM,1,https://bsky.app/search?q=Blandine+Brocard,1,blandinebrocard.bsky.social,0
PA794330,Anthony,Brosse,EPR,1,https://bsky.app/search?q=Anthony+Brosse,0,,
PA719890,Danielle,Brulebois,EPR,1,https://bsky.app/search?q=Danielle+Brulebois,0,,
PA718838,Fabrice,Brun,DR,1,https://bsky.app/search?q=Fabrice+Brun,0,,
PA793624,Philippe,Brun,SOC,1,https://bsky.app/search?q=Philippe+Brun,1,philippebrun.bsky.social,0
PA840817,Joël,Bruneau,LIOT,1,https://bsky.app/search?q=Jo%C3%ABl+Bruneau,0,,
PA722000,Stéphane,Buchou,EPR,1,https://bsky.app/search?q=St%C3%A9phane+Buchou,0,,
PA794798,Françoise,Buffet,EPR,1,https://bsky.app/search?q=Fran%C3%A7oise+Buffet,0,,
PA793134,Jérôme,Buisson,RN,1,https://bsky.app/search?q=J%C3%A9r%C3%B4me+Buisson,0,,
PA841023,Pierre-Yves,Cadalen,LFI-NFP,1,https://bsky.app/search?q=Pierre-Yves+Cadalen,1,pierre-yvescadalen.bsky.social,1
PA795762,Elie,Califer,SOC,1,https://bsky.app/search?q=Elie+Califer,0,,
PA721750,Céline,Calvez,EPR,1,https://bsky.app/search?q=C%C3%A9line+Calvez,0,,
PA608264,Colette,Capdevielle,SOC,1,https://bsky.app/search?q=Colette+Capdevielle,0,,
PA795330,Eléonore,Caroit,EPR,1,https://bsky.app/search?q=El%C3%A9onore+Caroit,0,,
PA796090,Aymeric,Caron,LFI-NFP,1,https://bsky.app/search?q=Aymeric+Caron,1,aymeric-caron.bsky.social,1
PA793912,Sylvain,Carrière,LFI-NFP,1,https://bsky.app/search?q=Sylvain+Carri%C3%A8re,1,sylvaincarriere.bsky.social,1
PA841801,Danièle,Carteron,EPR,0,https://bsky.app/search?q=Dani%C3%A8le+Carteron,0,,
PA719138,Michel,Castellani,LIOT,1,https://bsky.app/search?q=Michel+Castellani,0,,
PA840075,Eddy,Casterman,RN,1,https://bsky.app/search?q=Eddy+Casterman,0,,
PA794554,Salvatore,Castiglione,LIOT,1,https://bsky.app/search?q=Salvatore+Castiglione,0,,
PA795868,Jean-Victor,Castor,GDR,1,https://bsky.app/search?q=Jean-Victor+Castor,0,,
PA842187,Gabrielle,Cathala,LFI-NFP,1,https://bsky.app/search?q=Gabrielle+Cathala,1,gabriellecthl.bsky.social,1
PA842311,Vincent,Caure,EPR,1,https://bsky.app/search?q=Vincent+Caure,1,vincentcaure.bsky.social,1
PA719922,Lionel,Causse,EPR,1,https://bsky.app/search?q=Lionel+Causse,0,,
PA793940,Thomas,Cazenave,EPR,1,https://bsky.app/search?q=Thomas+Cazenave,1,thomascazenave.bsky.social,1
PA719472,Jean-René,Cazeneuve,EPR,1,https://bsky.app/search?q=Jean-Ren%C3%A9+Cazeneuve,1,jrcazeneuve.bsky.social,1
PA795864,Pierre,Cazeneuve,EPR,1,https://bsky.app/search?q=Pierre+Cazeneuve,1,pierrecazeneuve.bsky.social,1
PA841047,François-Xavier,Ceccoli,DR,1,https://bsky.app/search?q=Fran%C3%A7ois-Xavier+Ceccoli,0,,
PA842037,Bérenger,Cernon,LFI-NFP,1,https://bsky.app/search?q=B%C3%A9renger+Cernon,1,slappy-w.bsky.social,1
PA840701,Bernard,Chaix,UDR,1,https://bsky.app/search?q=Bernard+Chaix,0,,
PA267306,André,Chassaigne,GDR,1,https://bsky.app/search?q=Andr%C3%A9+Chassaigne,1,andrechassaigne.bsky.social,0
PA794008,Cyrielle,Chatelain,ECOS,1,https://bsky.app/search?q=Cyrielle+Chatelain,1,cyriellechtl.bsky.social,1
PA840721,Marc,Chavent,UDR,1,https://bsky.app/search?q=Marc+Chavent,0,,
PA795908,Yannick,Chenevard,EPR,1,https://bsky.app/search?q=Yannick+Chenevard,0,,
PA720468,Sébastien,Chenu,RN,1,https://bsky.app/search?q=S%C3%A9bastien+Chenu,0,,0
PA791812,Sophia,Chikirou,LFI-NFP,1,https://bsky.app/search?q=Sophia+Chikirou,0,,
PA642868,Paul,Christophe,HOR,1,https://bsky.app/search?q=Paul+Christophe,0,,
PA840903,Paul,Christophle,SOC,1,https://bsky.app/search?q=Paul+Christophle,1,paulchristophle.bsky.social,1
PA794198,Roger,Chudeau,RN,1,https://bsky.app/search?q=Roger+Chudeau,0,,
PA330240,Éric,Ciotti,UDR,1,https://bsky.app/search?q=%C3%89ric+Ciotti,0,,
PA840159,Bruno,Clavet,RN,1,https://bsky.app/search?q=Bruno+Clavet,0,,
PA793736,Hadrien,Clouet,LFI-NFP,1,https://bsky.app/search?q=Hadrien+Clouet,1,hadrienclouet.bsky.social,1
PA841431,Nathalie,Colin-Oesterlé,HOR,1,https://bsky.app/search?q=Nathalie+Colin-Oesterl%C3%A9,0,,
PA719286,Paul-André,Colombani,LIOT,1,https://bsky.app/search?q=Paul-Andr%C3%A9+Colombani,0,,
PA793548,Caroline,Colombier,RN,1,https://bsky.app/search?q=Caroline+Colombier,0,,
PA721202,Éric,Coquerel,LFI-NFP,1,https://bsky.app/search?q=%C3%89ric+Coquerel,1,ericcoquerel.bsky.social,1
PA721210,Alexis,Corbière,ECOS,1,https://bsky.app/search?q=Alexis+Corbi%C3%A8re,1,alexiscorbiere.bsky.social,1
PA718850,Pierre,Cordier,DR,1,https://bsky.app/search?q=Pierre+Cordier,0,,
PA719118,François,Cormier-Bouligeon,EPR,1,https://bsky.app/search?q=Fran%C3%A7ois+Cormier-Bouligeon,0,,
PA722390,Josiane,Corneloup,DR,1,https://bsky.app/search?q=Josiane+Corneloup,0,,
PA793520,Mickaël,Cosson,DEM,1,https://bsky.app/search?q=Micka%C3%ABl+Cosson,0,,
PA795136,Jean-François,Coulomme,LFI-NFP,1,https://bsky.app/search?q=Jean-Fran%C3%A7ois+Coulomme,0,,
PA841295,Pierrick,Courbon,SOC,1,https://bsky.app/search?q=Pierrick+Courbon,0,,
PA793716,Laurent,Croizier,DEM,1,https://bsky.app/search?q=Laurent+Croizier,0,,
PA793322,Christelle,D'Intorni,UDR,1,https://bsky.app/search?q=Christelle+D%27Intorni,0,,
PA795644,Nathalie,Da Conceicao Carvalho,RN,1,https://bsky.app/search?q=Nathalie+Da%20Conceicao%20Carvalho,0,,
PA332523,Marie-Christine,Dalloz,DR,1,https://bsky.app/search?q=Marie-Christine+Dalloz,0,,
PA607846,Gérald,Darmanin,EPR,0,https://bsky.app/search?q=G%C3%A9rald+Darmanin,0,,
PA719914,Geneviève,Darrieussecq,DEM,1,https://bsky.app/search?q=Genevi%C3%A8ve+Darrieussecq,0,,
PA793122,Romain,Daubié,DEM,1,https://bsky.app/search?q=Romain+Daubi%C3%A9,0,,
PA793452,Hendrik,Davi,ECOS,1,https://bsky.app/search?q=Hendrik+Davi,1,hendrikdavi.bsky.social,1
PA1008,Alain,David,SOC,1,https://bsky.app/search?q=Alain+David,1,alaindavid.bsky.social,0
PA942,Charles,de Courson,LIOT,1,https://bsky.app/search?q=Charles+de%20Courson,0,,
PA841613,Marc,de Fleurian,RN,1,https://bsky.app/search?q=Marc+de%20Fleurian,0,,
PA642988,Hervé,de Lépinau,RN,1,https://bsky.app/search?q=Herv%C3%A9+de%20L%C3%A9pinau,0,,
PA841359,Constance,de Pélichy,LIOT,1,https://bsky.app/search?q=Constance+de%20P%C3%A9lichy,1,cdepelichy.bsky.social,0
PA840119,Sandra,Delannoy,RN,1,https://bsky.app/search?q=Sandra+Delannoy,0,,
PA793394,Arthur,Delaporte,SOC,1,https://bsky.app/search?q=Arthur+Delaporte,1,arthurdelaporte.bsky.social,1
PA795430,Stéphane,Delautrette,SOC,1,https://bsky.app/search?q=St%C3%A9phane+Delautrette,1,sdelautrette.bsky.social,0
PA793464,Sébastien,Delogu,LFI-NFP,1,https://bsky.app/search?q=S%C3%A9bastien+Delogu,1,delogusebastien.bsky.social,1
PA840713,Sophie,Delorme Duret,EPR,0,https://bsky.app/search?q=Sophie+Delorme%20Duret,0,,
PA794982,Julie,Delpech,EPR,1,https://bsky.app/search?q=Julie+Delpech,0,,
PA330909,Vincent,Descoeur,DR,1,https://bsky.app/search?q=Vincent+Descoeur,0,,
PA793166,Jocelyn,Dessigny,RN,1,https://bsky.app/search?q=Jocelyn+Dessigny,0,,
PA794042,Sylvie,Dezarnaud,DR,1,https://bsky.app/search?q=Sylvie+Dezarnaud,0,,
PA720386,Fabien,Di Filippo,DR,1,https://bsky.app/search?q=Fabien+Di%20Filippo,0,,
PA793928,Edwige,Diaz,RN,1,https://bsky.app/search?q=Edwige+Diaz,0,,
PA841919,Dieynaba,Diop,SOC,1,https://bsky.app/search?q=Dieynaba+Diop,1,dieynadiop.bsky.social,0
PA842155,Aly,Diouara,LFI-NFP,1,https://bsky.app/search?q=Aly+Diouara,0,,
PA722382,Benjamin,Dirx,EPR,1,https://bsky.app/search?q=Benjamin+Dirx,0,,
PA712015,Julien,Dive,DR,1,https://bsky.app/search?q=Julien+Dive,0,,
PA794762,Sandrine,Dogor-Such,RN,1,https://bsky.app/search?q=Sandrine+Dogor-Such,0,,
PA606573,Fanny,Dombre Coste,SOC,1,https://bsky.app/search?q=Fanny+Dombre%20Coste,0,,
PA793146,Nicolas,Dragon,RN,1,https://bsky.app/search?q=Nicolas+Dragon,0,,
PA720154,Nicole,Dubré-Chirat,EPR,1,https://bsky.app/search?q=Nicole+Dubr%C3%A9-Chirat,0,,
PA608826,Virginie,Duby-Muller,DR,1,https://bsky.app/search?q=Virginie+Duby-Muller,0,,
PA841633,Peio,Dufau,SOC,1,https://bsky.app/search?q=Peio+Dufau,1,peiodufau.bsky.social,1
PA840135,Alexandre,Dufosset,RN,1,https://bsky.app/search?q=Alexandre+Dufosset,0,,
PA795200,Alma,Dufour,LFI-NFP,1,https://bsky.app/search?q=Alma+Dufour,1,almadufour.bsky.social,1
PA841351,Emmanuel,Duplessy,ECOS,1,https://bsky.app/search?q=Emmanuel+Duplessy,0,,
PA643175,Stella,Dupont,NI,1,https://bsky.app/search?q=Stella+Dupont,0,,
PA842073,Gaëtan,Dussausaye,RN,1,https://bsky.app/search?q=Ga%C3%ABtan+Dussausaye,0,,
PA841761,Aurélien,Dutremble,RN,1,https://bsky.app/search?q=Aur%C3%A9lien+Dutremble,0,,
PA794854,Inaki,Echaniz,SOC,1,https://bsky.app/search?q=Inaki+Echaniz,1,inakiechaniz.bsky.social,1
PA794718,Christine,Engrand,NI,1,https://bsky.app/search?q=Christine+Engrand,0,,
PA795844,Karen,Erodi,LFI-NFP,1,https://bsky.app/search?q=Karen+Erodi,0,,
PA607193,Sophie,Errante,NI,1,https://bsky.app/search?q=Sophie+Errante,0,,
PA842195,Romain,Eskenazi,SOC,1,https://bsky.app/search?q=Romain+Eskenazi,1,romaineskenazi.bsky.social,1
PA841621,Auguste,Evrard,RN,1,https://bsky.app/search?q=Auguste+Evrard,0,,
PA794658,Philippe,Fait,EPR,1,https://bsky.app/search?q=Philippe+Fait,0,,
PA793246,Frédéric,Falcon,RN,1,https://bsky.app/search?q=Fr%C3%A9d%C3%A9ric+Falcon,0,,
PA605694,Olivier,Falorni,DEM,1,https://bsky.app/search?q=Olivier+Falorni,0,,
PA721896,Elsa,Faucillon,GDR,1,https://bsky.app/search?q=Elsa+Faucillon,1,elsafaucillon.bsky.social,1
PA609332,Olivier,Faure,SOC,1,https://bsky.app/search?q=Olivier+Faure,1,olivierfaure.bsky.social,1
PA267042,Yannick,Favennec-Bécot,LIOT,1,https://bsky.app/search?q=Yannick+Favennec-B%C3%A9cot,0,,
PA840773,Olivier,Fayssat,UDR,1,https://bsky.app/search?q=Olivier+Fayssat,0,,
PA841665,Denis,Fégné,SOC,1,https://bsky.app/search?q=Denis+F%C3%A9gn%C3%A9,0,,
PA841251,Mathilde,Feld,LFI-NFP,1,https://bsky.app/search?q=Mathilde+Feld,1,mathildefeld.bsky.social,1
PA794786,Emmanuel,Fernandes,LFI-NFP,1,https://bsky.app/search?q=Emmanuel+Fernandes,1,emmanfernandes.bsky.social,1
PA795884,Marc,Ferracci,EPR,0,https://bsky.app/search?q=Marc+Ferracci,0,,
PA795120,Marina,Ferrari,DEM,1,https://bsky.app/search?q=Marina+Ferrari,0,,
PA794870,Sylvie,Ferrer,LFI-NFP,1,https://bsky.app/search?q=Sylvie+Ferrer,1,sylvieferrer.bsky.social,1
PA719938,Marc,Fesneau,DEM,1,https://bsky.app/search?q=Marc+Fesneau,1,mfesneau.bsky.social,0
PA722134,Jean-Marie,Fiévet,EPR,1,https://bsky.app/search?q=Jean-Marie+Fi%C3%A9vet,0,,
PA267780,Agnès,Firmin Le Bodo,HOR,1,https://bsky.app/search?q=Agn%C3%A8s+Firmin%20Le%20Bodo,0,,
PA840143,Guillaume,Florquin,RN,1,https://bsky.app/search?q=Guillaume+Florquin,0,,
PA1327,Nicolas,Forissier,DR,1,https://bsky.app/search?q=Nicolas+Forissier,0,,
PA840801,Emmanuel,Fouquart,RN,1,https://bsky.app/search?q=Emmanuel+Fouquart,0,,
PA793980,Charles,Fournier,ECOS,1,https://bsky.app/search?q=Charles+Fournier,1,charlesfournier.bsky.social,1
PA794678,Thierry,Frappé,RN,1,https://bsky.app/search?q=Thierry+Frapp%C3%A9,0,,
PA840235,Moerani,Frébault,EPR,1,https://bsky.app/search?q=Moerani+Fr%C3%A9bault,0,,
PA822617,Martine,Froger,LIOT,1,https://bsky.app/search?q=Martine+Froger,0,,
PA722284,Bruno,Fuchs,DEM,1,https://bsky.app/search?q=Bruno+Fuchs,0,,
PA722366,Jean-Luc,Fugit,EPR,1,https://bsky.app/search?q=Jean-Luc+Fugit,0,,
PA841139,Julien,Gabarron,RN,1,https://bsky.app/search?q=Julien+Gabarron,0,,
PA796070,Perceval,Gaillard,LFI-NFP,1,https://bsky.app/search?q=Perceval+Gaillard,0,,
PA719736,Camille,Galliard-Minier,EPR,1,https://bsky.app/search?q=Camille+Galliard-Minier,0,,
PA793892,Stéphanie,Galzy,RN,1,https://bsky.app/search?q=St%C3%A9phanie+Galzy,0,,
PA795010,Marie-Charlotte,Garin,ECOS,1,https://bsky.app/search?q=Marie-Charlotte+Garin,1,mcgarin.bsky.social,1
PA333285,Guillaume,Garot,SOC,1,https://bsky.app/search?q=Guillaume+Garot,0,,
PA722358,Thomas,Gassilloud,EPR,1,https://bsky.app/search?q=Thomas+Gassilloud,0,,
PA721024,Anne,Genetet,EPR,1,https://bsky.app/search?q=Anne+Genetet,1,agenetet.bsky.social,1
PA605991,Annie,Genevard,DR,0,https://bsky.app/search?q=Annie+Genevard,0,,
PA794470,Félicie,Gérard,HOR,1,https://bsky.app/search?q=F%C3%A9licie+G%C3%A9rard,0,,
PA794234,François,Gernigon,HOR,1,https://bsky.app/search?q=Fran%C3%A7ois+Gernigon,0,,
PA841737,Jonathan,Gery,RN,1,https://bsky.app/search?q=Jonathan+Gery,0,,
PA796034,Frank,Giletti,RN,1,https://bsky.app/search?q=Frank+Giletti,0,,
PA793832,Yoann,Gillet,RN,1,https://bsky.app/search?q=Yoann+Gillet,1,yoanngillet30.bsky.social,1
PA793102,Christian,Girard,RN,1,https://bsky.app/search?q=Christian+Girard,0,,
PA841419,Damien,Girard,ECOS,1,https://bsky.app/search?q=Damien+Girard,1,damiengirard.bsky.social,1
PA718674,Olga,Givernet,EPR,1,https://bsky.app/search?q=Olga+Givernet,1,olgagivernet.bsky.social,0
PA840939,Océane,Godard,SOC,1,https://bsky.app/search?q=Oc%C3%A9ane+Godard,0,,
PA841539,Julien,Gokel,SOC,1,https://bsky.app/search?q=Julien+Gokel,0,,
PA841605,Antoine,Golliot,RN,1,https://bsky.app/search?q=Antoine+Golliot,0,,
PA841869,Michel,Gonord,DR,0,https://bsky.app/search?q=Michel+Gonord,0,,
PA793362,José,Gonzalez,RN,1,https://bsky.app/search?q=Jos%C3%A9+Gonzalez,0,,
PA266797,Philippe,Gosselin,DR,1,https://bsky.app/search?q=Philippe+Gosselin,0,,
PA331973,Pascale,Got,SOC,1,https://bsky.app/search?q=Pascale+Got,0,,
PA721296,Guillaume,Gouffier Valente,EPR,1,https://bsky.app/search?q=Guillaume+Gouffier%20Valente,0,,
PA720560,Perrine,Goulet,DEM,1,https://bsky.app/search?q=Perrine+Goulet,0,,
PA794418,Florence,Goulet,RN,1,https://bsky.app/search?q=Florence+Goulet,0,,
PA793592,Géraldine,Grangier,RN,1,https://bsky.app/search?q=G%C3%A9raldine+Grangier,0,,
PA721764,Olivia,Grégoire,EPR,1,https://bsky.app/search?q=Olivia+Gr%C3%A9goire,0,,
PA840171,Emmanuel,Grégoire,SOC,1,https://bsky.app/search?q=Emmanuel+Gr%C3%A9goire,1,egregoire.bsky.social,1
PA267318,Jean-Carles,Grelier,DEM,1,https://bsky.app/search?q=Jean-Carles+Grelier,0,,
PA795540,Daniel,Grenon,NI,1,https://bsky.app/search?q=Daniel+Grenon,0,,
PA840757,Monique,Griseti,RN,1,https://bsky.app/search?q=Monique+Griseti,0,,
PA794058,Justine,Gruet,DR,1,https://bsky.app/search?q=Justine+Gruet,0,,
PA1567,Jérôme,Guedj,SOC,1,https://bsky.app/search?q=J%C3%A9r%C3%B4me+Guedj,0,,
PA841833,David,Guerin,HOR,0,https://bsky.app/search?q=David+Guerin,0,,
PA795310,Clémence,Guetté,LFI-NFP,1,https://bsky.app/search?q=Cl%C3%A9mence+Guett%C3%A9,1,clemenceguette.bsky.social,1
PA841451,Julien,Guibert,RN,1,https://bsky.app/search?q=Julien+Guibert,0,,
PA794734,Michel,Guiniot,RN,1,https://bsky.app/search?q=Michel+Guiniot,0,,
PA794478,David,Guiraud,LFI-NFP,1,https://bsky.app/search?q=David+Guiraud,1,davidguiraud.bsky.social,1
PA793218,Jordan,Guitton,RN,1,https://bsky.app/search?q=Jordan+Guitton,0,,
PA795258,Frantz,Gumbs,DEM,1,https://bsky.app/search?q=Frantz+Gumbs,0,,
PA842013,Steevy,Gustave,ECOS,1,https://bsky.app/search?q=Steevy+Gustave,0,,
PA1592,David,Habib,LIOT,1,https://bsky.app/search?q=David+Habib,0,,
PA841471,Stéphane,Hablot,SOC,1,https://bsky.app/search?q=St%C3%A9phane+Hablot,0,,
PA795958,Benjamin,Haddad,EPR,0,https://bsky.app/search?q=Benjamin+Haddad,0,,
PA842263,Ayda,Hadizadeh,SOC,1,https://bsky.app/search?q=Ayda+Hadizadeh,1,aydahadi.bsky.social,1
PA841947,Zahia,Hamdane,LFI-NFP,1,https://bsky.app/search?q=Zahia+Hamdane,1,zahiahamdane.bsky.social,1
PA795900,Marine,Hamelet,RN,1,https://bsky.app/search?q=Marine+Hamelet,0,,
PA722070,Pierre,Henriet,HOR,1,https://bsky.app/search?q=Pierre+Henriet,0,,
PA1630,Michel,Herbillon,DR,1,https://bsky.app/search?q=Michel+Herbillon,0,,
PA841813,Florence,Herouin-Léautey,SOC,1,https://bsky.app/search?q=Florence+Herouin-L%C3%A9autey,1,fleautey.bsky.social,1
PA840947,Catherine,Hervieu,ECOS,1,https://bsky.app/search?q=Catherine+Hervieu,0,,
PA841853,Céline,Hervieu,SOC,1,https://bsky.app/search?q=C%C3%A9line+Hervieu,1,celinehervieu.bsky.social,1
PA608416,Patrick,Hetzel,DR,1,https://bsky.app/search?q=Patrick+Hetzel,0,,
PA794082,Mathilde,Hignet,LFI-NFP,1,https://bsky.app/search?q=Mathilde+Hignet,1,mathilde-hignet.bsky.social,1
PA841709,Emmanuelle,Hoffman,EPR,1,https://bsky.app/search?q=Emmanuelle+Hoffman,0,,
PA1654,François,Hollande,SOC,1,https://bsky.app/search?q=Fran%C3%A7ois+Hollande,1,francoishollande.bsky.social,0
PA722150,Sacha,Houlié,NI,1,https://bsky.app/search?q=Sacha+Houli%C3%A9,1,sachahoulie.bsky.social,1
PA793632,Timothée,Houssin,RN,1,https://bsky.app/search?q=Timoth%C3%A9e+Houssin,0,,
PA842085,Sébastien,Humbert,RN,1,https://bsky.app/search?q=S%C3%A9bastien+Humbert,0,,
PA841017,Harold,Huwart,LIOT,1,https://bsky.app/search?q=Harold+Huwart,0,,
PA267200,Sébastien,Huyghe,EPR,1,https://bsky.app/search?q=S%C3%A9bastien+Huyghe,1,sebastienhuyghe.bsky.social,0
PA794022,Jérémie,Iordanoff,ECOS,1,https://bsky.app/search?q=J%C3%A9r%C3%A9mie+Iordanoff,1,iordanoff.bsky.social,1
PA722374,Cyrille,Isaac-Sibille,DEM,1,https://bsky.app/search?q=Cyrille+Isaac-Sibille,1,ci-s.bsky.social,1
PA794598,Laurent,Jacobelli,RN,1,https://bsky.app/search?q=Laurent+Jacobelli,0,,
PA720354,Jean-Michel,Jacques,EPR,1,https://bsky.app/search?q=Jean-Michel+Jacques,0,,
PA842117,Vincent,Jeanbrun,DR,1,https://bsky.app/search?q=Vincent+Jeanbrun,0,,
PA841439,Pascal,Jenft,RN,1,https://bsky.app/search?q=Pascal+Jenft,0,,
PA719778,François,Jolivet,HOR,1,https://bsky.app/search?q=Fran%C3%A7ois+Jolivet,0,,
PA794030,Alexis,Jolly,RN,1,https://bsky.app/search?q=Alexis+Jolly,0,,
PA841749,Tiffany,Joncour,RN,1,https://bsky.app/search?q=Tiffany+Joncour,0,,
PA841075,Sylvie,Josserand,RN,1,https://bsky.app/search?q=Sylvie+Josserand,0,,
PA720038,Sandrine,Josso,DEM,1,https://bsky.app/search?q=Sandrine+Josso,0,,
PA840869,Florence,Joubert,RN,1,https://bsky.app/search?q=Florence+Joubert,0,,
PA643192,Chantal,Jourdan,SOC,1,https://bsky.app/search?q=Chantal+Jourdan,1,chantaljourdan.bsky.social,1
PA346782,Philippe,Juvin,DR,1,https://bsky.app/search?q=Philippe+Juvin,0,,
PA795998,Émeline,K/Bidi,GDR,1,https://bsky.app/search?q=%C3%89meline+K%2FBidi,0,,
PA335054,Marietta,Karamanli,SOC,1,https://bsky.app/search?q=Marietta+Karamanli,0,,
PA719372,Guillaume,Kasbarian,EPR,1,https://bsky.app/search?q=Guillaume+Kasbarian,0,,
PA795156,Fatiha,Keloua Hachi,SOC,1,https://bsky.app/search?q=Fatiha+Keloua%20Hachi,1,kelouaf.bsky.social,1
PA794130,Andy,Kerbrat,LFI-NFP,1,https://bsky.app/search?q=Andy+Kerbrat,0,,
PA719052,Loïc,Kervran,HOR,1,https://bsky.app/search?q=Lo%C3%AFc+Kervran,0,,
PA643184,Brigitte,Klinkert,EPR,1,https://bsky.app/search?q=Brigitte+Klinkert,0,,
PA722328,Eliane,Kremer,DR,0,https://bsky.app/search?q=Eliane+Kremer,0,,
PA719798,Daniel,Labaronne,EPR,1,https://bsky.app/search?q=Daniel+Labaronne,0,,
PA720846,Bastien,Lachaud,LFI-NFP,1,https://bsky.app/search?q=Bastien+Lachaud,1,blachaud.bsky.social,1
PA719282,Xavier,Lacombe,HOR,1,https://bsky.app/search?q=Xavier+Lacombe,0,,
PA794146,Julie,Laernoes,ECOS,1,https://bsky.app/search?q=Julie+Laernoes,1,julielaernoes.bsky.social,1
PA841223,Tristan,Lahais,ECOS,1,https://bsky.app/search?q=Tristan+Lahais,1,tristanlahais.bsky.social,1
PA841729,Abdelkader,Lahmar,LFI-NFP,1,https://bsky.app/search?q=Abdelkader+Lahmar,1,abdelkaderlahmar.bsky.social,1
PA719918,Fabien,Lainé,DEM,0,https://bsky.app/search?q=Fabien+Lain%C3%A9,0,,
PA795516,Maxime,Laisney,LFI-NFP,1,https://bsky.app/search?q=Maxime+Laisney,1,maximelaisney.bsky.social,1
PA721004,Amélia,Lakrafi,EPR,1,https://bsky.app/search?q=Am%C3%A9lia+Lakrafi,0,,
PA842125,Thomas,Lam,HOR,1,https://bsky.app/search?q=Thomas+Lam,0,,
PA794354,Hélène,Laporte,RN,1,https://bsky.app/search?q=H%C3%A9l%C3%A8ne+Laporte,0,,
PA721984,Philippe,Latombe,DEM,1,https://bsky.app/search?q=Philippe+Latombe,1,platombe.bsky.social,1
PA841693,Jean,Laussucq,EPR,1,https://bsky.app/search?q=Jean+Laussucq,0,,
PA720022,Michel,Lauzzana,EPR,1,https://bsky.app/search?q=Michel+Lauzzana,0,,
PA795912,Laure,Lavalette,RN,1,https://bsky.app/search?q=Laure+Lavalette,0,,
PA841837,Robert,Le Bourgeois,RN,1,https://bsky.app/search?q=Robert+Le%20Bourgeois,0,,
PA841515,Aurélien,Le Coq,LFI-NFP,1,https://bsky.app/search?q=Aur%C3%A9lien+Le%20Coq,1,aurelienlecoq.bsky.social,1
PA719412,Sandrine,Le Feur,EPR,1,https://bsky.app/search?q=Sandrine+Le%20Feur,1,sandrine-lefeur.bsky.social,1
PA840979,Corentin,Le Fur,DR,1,https://bsky.app/search?q=Corentin+Le%20Fur,0,,
PA719404,Didier,Le Gac,EPR,1,https://bsky.app/search?q=Didier+Le%20Gac,0,,
PA795672,Arnaud,Le Gall,LFI-NFP,1,https://bsky.app/search?q=Arnaud+Le%20Gall,1,arnaudlegall.bsky.social,1
PA345722,Constance,Le Grip,EPR,1,https://bsky.app/search?q=Constance+Le%20Grip,0,,
PA794426,Anne,Le Hénanff,HOR,1,https://bsky.app/search?q=Anne+Le%20H%C3%A9nanff,0,,
PA719388,Annaïg,Le Meur,EPR,1,https://bsky.app/search?q=Anna%C3%AFg+Le%20Meur,1,annaiglemeur.bsky.social,0
PA719756,Christine,Le Nabour,EPR,1,https://bsky.app/search?q=Christine+Le%20Nabour,0,,
PA720342,Nicole,Le Peih,EPR,1,https://bsky.app/search?q=Nicole+Le%20Peih,0,,
PA720614,Marine,Le Pen,RN,1,https://bsky.app/search?q=Marine+Le%20Pen,1,marinelepen-bsky.bsky.social,0
PA795746,Antoine,Léaument,LFI-NFP,1,https://bsky.app/search?q=Antoine+L%C3%A9aument,1,antoine-leaument.bsky.social,1
PA721852,Marie,Lebec,EPR,1,https://bsky.app/search?q=Marie+Lebec,0,,
PA774962,Karine,Lebon,GDR,1,https://bsky.app/search?q=Karine+Lebon,0,,
PA795108,Élise,Leboucher,LFI-NFP,1,https://bsky.app/search?q=%C3%89lise+Leboucher,1,eliseleboucher.bsky.social,1
PA795374,Pascal,Lecamp,DEM,1,https://bsky.app/search?q=Pascal+Lecamp,0,,
PA796026,Julie,Lechanteux,RN,1,https://bsky.app/search?q=Julie+Lechanteux,0,,
PA840857,Nadine,Lechon,RN,1,https://bsky.app/search?q=Nadine+Lechon,0,,
PA335612,Jean-Paul,Lecoq,GDR,1,https://bsky.app/search?q=Jean-Paul+Lecoq,0,,
PA712014,Vincent,Ledoux,EPR,1,https://bsky.app/search?q=Vincent+Ledoux,1,vincent-ledoux59.bsky.social,1
PA795386,Mathieu,Lefèvre,EPR,1,https://bsky.app/search?q=Mathieu+Lef%C3%A8vre,0,,
PA795298,Jérôme,Legavre,LFI-NFP,1,https://bsky.app/search?q=J%C3%A9r%C3%B4me+Legavre,1,legavrejerome.bsky.social,1
PA791824,Sarah,Legrain,LFI-NFP,1,https://bsky.app/search?q=Sarah+Legrain,1,sarahlegrain.bsky.social,1
PA842029,Claire,Lejeune,LFI-NFP,1,https://bsky.app/search?q=Claire+Lejeune,1,clairelejeune.bsky.social,1
PA793290,Gisèle,Lelouis,RN,1,https://bsky.app/search?q=Gis%C3%A8le+Lelouis,0,,
PA794838,Didier,Lemaire,HOR,1,https://bsky.app/search?q=Didier+Lemaire,0,,
PA840983,Bartolomé,Lenoir,UDR,1,https://bsky.app/search?q=Bartolom%C3%A9+Lenoir,0,,
PA795244,Stéphane,Lenormand,LIOT,1,https://bsky.app/search?q=St%C3%A9phane+Lenormand,0,,
PA695512,Guillaume,Lepers,DR,1,https://bsky.app/search?q=Guillaume+Lepers,1,lepers.bsky.social,1
PA793532,Murielle,Lepvraud,LFI-NFP,1,https://bsky.app/search?q=Murielle+Lepvraud,1,muriellelepvraud.bsky.social,1
PA721134,Roland,Lescure,EPR,1,https://bsky.app/search?q=Roland+Lescure,1,rolandlescure.bsky.social,1
PA774958,Gérard,Leseul,SOC,1,https://bsky.app/search?q=G%C3%A9rard+Leseul,0,,
PA227089,Valérie,Létard,LIOT,0,https://bsky.app/search?q=Val%C3%A9rie+L%C3%A9tard,0,,
PA841601,Pauline,Levasseur,EPR,1,https://bsky.app/search?q=Pauline+Levasseur,0,,
PA793608,Katiana,Levavasseur,RN,1,https://bsky.app/search?q=Katiana+Levavasseur,0,,
PA840765,Laurent,Lhardit,SOC,1,https://bsky.app/search?q=Laurent+Lhardit,1,laurent-lhardit.bsky.social,1
PA642725,Eric,Liégeon,DR,1,https://bsky.app/search?q=Eric+Li%C3%A9geon,0,,
PA794750,Thierry,Liger,DR,1,https://bsky.app/search?q=Thierry+Liger,0,,
PA841873,Julien,Limongi,RN,1,https://bsky.app/search?q=Julien+Limongi,0,,
PA794702,Delphine,Lingemann,DEM,1,https://bsky.app/search?q=Delphine+Lingemann,0,,
PA840967,René,Lioret,RN,1,https://bsky.app/search?q=Ren%C3%A9+Lioret,0,,
PA720446,Brigitte,Liso,EPR,1,https://bsky.app/search?q=Brigitte+Liso,0,,
PA793672,Christine,Loir,RN,1,https://bsky.app/search?q=Christine+Loir,0,,
PA793904,Aurélien,Lopez-Liguori,RN,1,https://bsky.app/search?q=Aur%C3%A9lien+Lopez-Liguori,0,,
PA721932,Marie-France,Lorho,RN,1,https://bsky.app/search?q=Marie-France+Lorho,0,,
PA795974,Philippe,Lottiaux,RN,1,https://bsky.app/search?q=Philippe+Lottiaux,0,,
PA794590,Alexandre,Loubet,RN,1,https://bsky.app/search?q=Alexandre+Loubet,0,,
PA608016,Véronique,Louwagie,DR,0,https://bsky.app/search?q=V%C3%A9ronique+Louwagie,0,,
PA795636,Benjamin,Lucas-Lundy,ECOS,1,https://bsky.app/search?q=Benjamin+Lucas-Lundy,0,,
PA720230,Lise,Magnier,HOR,1,https://bsky.app/search?q=Lise+Magnier,0,,
PA841587,David,Magnier,RN,1,https://bsky.app/search?q=David+Magnier,0,,
PA717379,Sylvain,Maillard,EPR,1,https://bsky.app/search?q=Sylvain+Maillard,1,sylvain-maillard.bsky.social,1
PA796010,Frédéric,Maillot,GDR,1,https://bsky.app/search?q=Fr%C3%A9d%C3%A9ric+Maillot,0,,
PA794114,Emmanuel,Mandon,DEM,1,https://bsky.app/search?q=Emmanuel+Mandon,0,,
PA841183,Hanane,Mansouri,UDR,1,https://bsky.app/search?q=Hanane+Mansouri,0,,
PA841563,Claire,Marais-Beuil,RN,1,https://bsky.app/search?q=Claire+Marais-Beuil,0,,
PA605782,Laurent,Marcangeli,HOR,0,https://bsky.app/search?q=Laurent+Marcangeli,0,,
PA794530,Matthieu,Marchio,RN,1,https://bsky.app/search?q=Matthieu+Marchio,0,,
PA795730,Bastien,Marchive,EPR,1,https://bsky.app/search?q=Bastien+Marchive,0,,
PA794206,Christophe,Marion,EPR,1,https://bsky.app/search?q=Christophe+Marion,1,christophemarion.bsky.social,1
PA840837,Pascal,Markowsky,RN,1,https://bsky.app/search?q=Pascal+Markowsky,0,,
PA794518,Pierre,Marle,HOR,0,https://bsky.app/search?q=Pierre+Marle,0,,
PA606098,Olivier,Marleix,DR,1,https://bsky.app/search?q=Olivier+Marleix,0,,
PA719080,Sandra,Marsaud,EPR,1,https://bsky.app/search?q=Sandra+Marsaud,0,,
PA342384,Élisa,Martin,LFI-NFP,1,https://bsky.app/search?q=%C3%89lisa+Martin,0,,
PA793342,Alexandra,Martin,DR,1,https://bsky.app/search?q=Alexandra+Martin,1,alexmartin33.bsky.social,1
PA841825,Patrice,Martin,RN,1,https://bsky.app/search?q=Patrice+Martin,1,patricemartin50.bsky.social,1
PA795100,Éric,Martineau,DEM,1,https://bsky.app/search?q=%C3%89ric+Martineau,1,martineaueric.bsky.social,1
PA794770,Michèle,Martinez,RN,1,https://bsky.app/search?q=Mich%C3%A8le+Martinez,0,,
PA720146,Denis,Masséglia,EPR,1,https://bsky.app/search?q=Denis+Mass%C3%A9glia,1,dmasseglia.bsky.social,1
PA793314,Alexandra,Masson,RN,1,https://bsky.app/search?q=Alexandra+Masson,0,,
PA793330,Bryan,Masson,RN,1,https://bsky.app/search?q=Bryan+Masson,0,,
PA720976,Max,Mathiasin,LIOT,1,https://bsky.app/search?q=Max+Mathiasin,0,,
PA720728,Jean-Paul,Mattei,DEM,1,https://bsky.app/search?q=Jean-Paul+Mattei,0,,
PA795422,Damien,Maudet,LFI-NFP,1,https://bsky.app/search?q=Damien+Maudet,1,damienmaudet.bsky.social,1
PA842271,Emmanuel,Maurel,GDR,1,https://bsky.app/search?q=Emmanuel+Maurel,0,,
PA793616,Kévin,Mauvieux,RN,1,https://bsky.app/search?q=K%C3%A9vin+Mauvieux,0,,
PA794686,Marianne,Maximi,LFI-NFP,1,https://bsky.app/search?q=Marianne+Maximi,1,mariannemaximi.bsky.social,1
PA677483,Stéphane,Mazars,EPR,1,https://bsky.app/search?q=St%C3%A9phane+Mazars,0,,
PA841931,Laurent,Mazaury,LIOT,1,https://bsky.app/search?q=Laurent+Mazaury,0,,
PA719436,Nicolas,Meizonnet,RN,1,https://bsky.app/search?q=Nicolas+Meizonnet,0,,
PA719338,Graziella,Melchior,EPR,1,https://bsky.app/search?q=Graziella+Melchior,0,,
PA793354,Joëlle,Mélin,RN,1,https://bsky.app/search?q=Jo%C3%ABlle+M%C3%A9lin,0,,
PA795786,Yaël,Ménaché,RN,1,https://bsky.app/search?q=Ya%C3%ABl+M%C3%A9nach%C3%A9,0,,
PA794322,Thomas,Ménagé,RN,1,https://bsky.app/search?q=Thomas+M%C3%A9nag%C3%A9,0,,
PA720370,Ludovic,Mendes,EPR,1,https://bsky.app/search?q=Ludovic+Mendes,1,ludovicmds.bsky.social,1
PA841463,Estelle,Mercier,SOC,1,https://bsky.app/search?q=Estelle+Mercier,1,estellemercieran.bsky.social,1
PA841215,Marie,Mesmeur,LFI-NFP,1,https://bsky.app/search?q=Marie+Mesmeur,1,mariemesmeur.bsky.social,1
PA841013,Isabelle,Mesnard,HOR,0,https://bsky.app/search?q=Isabelle+Mesnard,0,,
PA719640,Sophie,Mette,DEM,1,https://bsky.app/search?q=Sophie+Mette,0,,
PA795176,Nicolas,Metzdorf,EPR,1,https://bsky.app/search?q=Nicolas+Metzdorf,0,,
PA719272,Frédérique,Meunier,DR,1,https://bsky.app/search?q=Fr%C3%A9d%C3%A9rique+Meunier,0,,
PA795482,Manon,Meunier,LFI-NFP,1,https://bsky.app/search?q=Manon+Meunier,1,manonmeunier.bsky.social,1
PA793852,Pierre,Meurin,RN,1,https://bsky.app/search?q=Pierre+Meurin,0,,
PA841395,Maxime,Michelet,UDR,1,https://bsky.app/search?q=Maxime+Michelet,0,,
PA841769,Éric,Michoux,UDR,1,https://bsky.app/search?q=%C3%89ric+Michoux,0,,
PA795664,Paul,Midy,EPR,1,https://bsky.app/search?q=Paul+Midy,0,,
PA817203,Laure,Miller,EPR,1,https://bsky.app/search?q=Laure+Miller,1,laure-miller.bsky.social,1
PA795962,Joséphine,Missoffe,EPR,1,https://bsky.app/search?q=Jos%C3%A9phine+Missoffe,0,,
PA607619,Paul,Molac,LIOT,1,https://bsky.app/search?q=Paul+Molac,0,,
PA842147,Christophe,Mongardien,EPR,0,https://bsky.app/search?q=Christophe+Mongardien,0,,
PA793174,Yannick,Monnet,GDR,1,https://bsky.app/search?q=Yannick+Monnet,0,,
PA840915,Thibaut,Monnier,RN,1,https://bsky.app/search?q=Thibaut+Monnier,0,,
PA794810,Louise,Morel,DEM,1,https://bsky.app/search?q=Louise+Morel,0,,
PA794466,Jean,Moulliere,HOR,1,https://bsky.app/search?q=Jean+Moulliere,0,,
PA720908,Naïma,Moutchou,HOR,1,https://bsky.app/search?q=Na%C3%AFma+Moutchou,0,,
PA793696,Serge,Muller,RN,1,https://bsky.app/search?q=Serge+Muller,0,,
PA795820,Marcellin,Nadeau,GDR,1,https://bsky.app/search?q=Marcellin+Nadeau,0,,
PA721486,Christophe,Naegelen,LIOT,1,https://bsky.app/search?q=Christophe+Naegelen,0,,
PA643157,Philippe,Naillet,SOC,1,https://bsky.app/search?q=Philippe+Naillet,0,,
PA794038,Yannick,Neuder,DR,0,https://bsky.app/search?q=Yannick+Neuder,0,,
PA610654,Jean-Philippe,Nilor,LFI-NFP,1,https://bsky.app/search?q=Jean-Philippe+Nilor,0,,
PA841191,Sandrine,Nosbé,LFI-NFP,1,https://bsky.app/search?q=Sandrine+Nosb%C3%A9,1,snosbe.bsky.social,1
PA720644,Jérôme,Nury,DR,1,https://bsky.app/search?q=J%C3%A9r%C3%B4me+Nury,0,,
PA841107,Jacques,Oberti,SOC,1,https://bsky.app/search?q=Jacques+Oberti,1,jacquesoberti.bsky.social,1
PA721960,Danièle,Obono,LFI-NFP,1,https://bsky.app/search?q=Dani%C3%A8le+Obono,1,deputeeobono.bsky.social,1
PA795552,Julien,Odoul,RN,1,https://bsky.app/search?q=Julien+Odoul,0,,
PA795722,Karl,Olive,EPR,1,https://bsky.app/search?q=Karl+Olive,0,,
PA794830,Hubert,Ott,DEM,1,https://bsky.app/search?q=Hubert+Ott,0,,
PA842045,Julie,Ozenne,ECOS,1,https://bsky.app/search?q=Julie+Ozenne,1,julieozenne.bsky.social,1
PA793872,Nathalie,Oziol,LFI-NFP,1,https://bsky.app/search?q=Nathalie+Oziol,1,nathalieoziol.bsky.social,1
PA795124,Didier,Padey,DEM,0,https://bsky.app/search?q=Didier+Padey,0,,
PA720334,Jimmy,Pahun,DEM,1,https://bsky.app/search?q=Jimmy+Pahun,0,,
PA793210,Laurent,Panifous,LIOT,1,https://bsky.app/search?q=Laurent+Panifous,0,,
PA759832,Agnès,Pannier-Runacher,EPR,0,https://bsky.app/search?q=Agn%C3%A8s+Pannier-Runacher,1,apannierrunacher.bsky.social,
PA719632,Sophie,Panonacle,EPR,1,https://bsky.app/search?q=Sophie+Panonacle,0,,
PA795050,Astrid,Panosyan-Bouvet,EPR,0,https://bsky.app/search?q=Astrid+Panosyan-Bouvet,1,astridpanosyan.bsky.social,1
PA720892,Mathilde,Panot,LFI-NFP,1,https://bsky.app/search?q=Mathilde+Panot,1,mathildepanot.bsky.social,1
PA841381,Sophie,Pantel,SOC,1,https://bsky.app/search?q=Sophie+Pantel,0,,
PA794670,Caroline,Parmentier,RN,1,https://bsky.app/search?q=Caroline+Parmentier,0,,
PA720480,Charlotte,Parmentier-Lecocq,HOR,0,https://bsky.app/search?q=Charlotte+Parmentier-Lecocq,0,,
PA793398,Jérémie,Patrier-Leitus,HOR,1,https://bsky.app/search?q=J%C3%A9r%C3%A9mie+Patrier-Leitus,0,,
PA718784,Éric,Pauget,DR,1,https://bsky.app/search?q=%C3%89ric+Pauget,0,,
PA840793,Marc,Pena,SOC,1,https://bsky.app/search?q=Marc+Pena,1,marcpena.bsky.social,1
PA841199,Thierry,Perez,RN,1,https://bsky.app/search?q=Thierry+Perez,0,,
PA721442,Christelle,Petex,DR,1,https://bsky.app/search?q=Christelle+Petex,0,,
PA721182,Frédéric,Petit,DEM,1,https://bsky.app/search?q=Fr%C3%A9d%C3%A9ric+Petit,1,fpetit.bsky.social,1
PA721234,Maud,Petit,DEM,1,https://bsky.app/search?q=Maud+Petit,0,,
PA721270,Stéphane,Peu,GDR,1,https://bsky.app/search?q=St%C3%A9phane+Peu,0,,
PA793708,Sébastien,Peytavie,ECOS,1,https://bsky.app/search?q=S%C3%A9bastien+Peytavie,1,speytavie.bsky.social,1
PA794582,Kévin,Pfeffer,RN,1,https://bsky.app/search?q=K%C3%A9vin+Pfeffer,0,,
PA794270,Anna,Pic,SOC,1,https://bsky.app/search?q=Anna+Pic,1,annapic.fr,1
PA817211,René,Pilato,LFI-NFP,1,https://bsky.app/search?q=Ren%C3%A9+Pilato,0,,
PA793756,François,Piquemal,LFI-NFP,1,https://bsky.app/search?q=Fran%C3%A7ois+Piquemal,1,francoispiquemal.bsky.social,1
PA608172,Christine,Pirès Beaune,SOC,1,https://bsky.app/search?q=Christine+Pir%C3%A8s%20Beaune,1,c-piresbeaune.bsky.social,1
PA721844,Béatrice,Piron,HOR,1,https://bsky.app/search?q=B%C3%A9atrice+Piron,0,,
PA793572,Christophe,Plassard,HOR,1,https://bsky.app/search?q=Christophe+Plassard,1,cplassard.bsky.social,1
PA793664,Marie,Pochon,ECOS,1,https://bsky.app/search?q=Marie+Pochon,1,mariepochon.bsky.social,1
PA793656,Lisette,Pollet,RN,1,https://bsky.app/search?q=Lisette+Pollet,0,,
PA719528,Jean-François,Portarrieu,HOR,1,https://bsky.app/search?q=Jean-Fran%C3%A7ois+Portarrieu,1,jfportarrieu.bsky.social,1
PA796062,Thomas,Portes,LFI-NFP,1,https://bsky.app/search?q=Thomas+Portes,1,thomasportes.bsky.social,1
PA794994,Alexandre,Portier,DR,1,https://bsky.app/search?q=Alexandre+Portier,0,,
PA607553,Dominique,Potier,SOC,1,https://bsky.app/search?q=Dominique+Potier,0,,
PA720720,Josy,Poueyto,DEM,1,https://bsky.app/search?q=Josy+Poueyto,0,,
PA795270,Marie-Agnès,Poussier-Winsback,HOR,1,https://bsky.app/search?q=Marie-Agn%C3%A8s+Poussier-Winsback,0,,
PA721916,Natalia,Pouzyreff,EPR,1,https://bsky.app/search?q=Natalia+Pouzyreff,1,nataliapouzyreff.bsky.social,1
PA720100,Aurélien,Pradié,NI,1,https://bsky.app/search?q=Aur%C3%A9lien+Pradi%C3%A9,1,aurelienpradie.bsky.social,0
PA841167,Hugo,Prevost,NI,0,https://bsky.app/search?q=Hugo+Prevost,0,,
PA840955,Pierre,Pribetich,SOC,1,https://bsky.app/search?q=Pierre+Pribetich,1,pierrepribetich.bsky.social,1
PA841367,Christophe,Proença,SOC,1,https://bsky.app/search?q=Christophe+Proen%C3%A7a,0,,
PA842323,Remi,Provendier,EPR,0,https://bsky.app/search?q=Remi+Provendier,0,,
PA719578,Loïc,Prud'homme,LFI-NFP,1,https://bsky.app/search?q=Lo%C3%AFc+Prud%27homme,1,loicprudhomme.bsky.social,1
PA795966,Stéphane,Rambaud,RN,1,https://bsky.app/search?q=St%C3%A9phane+Rambaud,0,,
PA720092,Richard,Ramos,DEM,1,https://bsky.app/search?q=Richard+Ramos,1,richardramos.bsky.social,1
PA793230,Angélique,Ranc,RN,1,https://bsky.app/search?q=Ang%C3%A9lique+Ranc,0,,
PA793254,Julien,Rancoule,RN,1,https://bsky.app/search?q=Julien+Rancoule,0,,
PA721062,Jean-Hugues,Ratenon,LFI-NFP,1,https://bsky.app/search?q=Jean-Hugues+Ratenon,0,,
PA720552,Isabelle,Rauch,HOR,1,https://bsky.app/search?q=Isabelle+Rauch,0,,
PA794154,Jean-Claude,Raux,ECOS,1,https://bsky.app/search?q=Jean-Claude+Raux,1,jeanclauderaux.bsky.social,1
PA793094,Nicolas,Ray,DR,1,https://bsky.app/search?q=Nicolas+Ray,0,,
PA341981,Marie,Récalde,SOC,1,https://bsky.app/search?q=Marie+R%C3%A9calde,0,,
PA794778,Sandra,Regol,ECOS,1,https://bsky.app/search?q=Sandra+Regol,1,sandraregol.bsky.social,1
PA795240,Mereana,Reid Arbelot,GDR,1,https://bsky.app/search?q=Mereana+Reid%20Arbelot,0,,
PA841955,Matthias,Renault,RN,1,https://bsky.app/search?q=Matthias+Renault,0,,
PA840657,Sophie,Ricourt Vaginay,UDR,1,https://bsky.app/search?q=Sophie+Ricourt%20Vaginay,0,,
PA335758,Franck,Riester,EPR,1,https://bsky.app/search?q=Franck+Riester,0,,
PA795876,Davy,Rimane,GDR,1,https://bsky.app/search?q=Davy+Rimane,1,davyrimane.bsky.social,1
PA841981,Catherine,Rimbert,RN,1,https://bsky.app/search?q=Catherine+Rimbert,0,,
PA721426,Véronique,Riotton,EPR,1,https://bsky.app/search?q=V%C3%A9ronique+Riotton,0,,
PA720066,Stéphanie,Rist,EPR,1,https://bsky.app/search?q=St%C3%A9phanie+Rist,1,srist.bsky.social,0
PA842227,Joseph,Rivière,RN,1,https://bsky.app/search?q=Joseph+Rivi%C3%A8re,0,,
PA722252,Marie-Pierre,Rixain,EPR,1,https://bsky.app/search?q=Marie-Pierre+Rixain,0,,
PA794442,Laurence,Robert-Dehault,RN,1,https://bsky.app/search?q=Laurence+Robert-Dehault,0,,
PA795528,Charles,Rodwell,EPR,1,https://bsky.app/search?q=Charles+Rodwell,0,,
PA266808,Vincent,Rolland,DR,1,https://bsky.app/search?q=Vincent+Rolland,0,,
PA841927,Anne-Sophie,Ronceret,EPR,1,https://bsky.app/search?q=Anne-Sophie+Ronceret,0,,
PA721458,Xavier,Roseren,HOR,1,https://bsky.app/search?q=Xavier+Roseren,0,,
PA840673,Valérie,Rossi,SOC,1,https://bsky.app/search?q=Val%C3%A9rie+Rossi,1,vrossi-deputee05.bsky.social,0
PA342196,Claudia,Rouaux,SOC,1,https://bsky.app/search?q=Claudia+Rouaux,1,claudiarouaux.bsky.social,1
PA795410,Béatrice,Roullaud,RN,1,https://bsky.app/search?q=B%C3%A9atrice+Roullaud,0,,
PA606545,Jean-Louis,Roumégas,ECOS,1,https://bsky.app/search?q=Jean-Louis+Roum%C3%A9gas,1,jeanlouisroumegas.bsky.social,1
PA795076,Sandrine,Rousseau,ECOS,1,https://bsky.app/search?q=Sandrine+Rousseau,1,sandrousseau.bsky.social,1
PA826635,Aurélien,Rousseau,SOC,1,https://bsky.app/search?q=Aur%C3%A9lien+Rousseau,0,,
PA841327,Fabrice,Roussel,SOC,1,https://bsky.app/search?q=Fabrice+Roussel,1,froussel44240.bsky.social,1
PA795888,Marie-Ange,Rousselot,EPR,1,https://bsky.app/search?q=Marie-Ange+Rousselot,0,,
PA793270,Jean-François,Rousset,EPR,1,https://bsky.app/search?q=Jean-Fran%C3%A7ois+Rousset,0,,
PA842097,Sophie-Laurence,Roy,RN,1,https://bsky.app/search?q=Sophie-Laurence+Roy,0,,
PA722142,François,Ruffin,ECOS,1,https://bsky.app/search?q=Fran%C3%A7ois+Ruffin,1,francoisruffin.fr,1
PA841717,Sandrine,Runel,SOC,1,https://bsky.app/search?q=Sandrine+Runel,1,sandrinerunel.bsky.social,1
PA794894,Anaïs,Sabatini,RN,1,https://bsky.app/search?q=Ana%C3%AFs+Sabatini,0,,
PA794570,Alexandre,Sabatou,RN,1,https://bsky.app/search?q=Alexandre+Sabatou,0,,
PA841845,Arnaud,Saint-Martin,LFI-NFP,1,https://bsky.app/search?q=Arnaud+Saint-Martin,1,arnaudsaint-martin.bsky.social,1
PA841243,Sébastien,Saint-Pasteur,SOC,1,https://bsky.app/search?q=S%C3%A9bastien+Saint-Pasteur,0,,
PA720138,Laetitia,Saint-Paul,HOR,1,https://bsky.app/search?q=Laetitia+Saint-Paul,0,,
PA795982,Aurélien,Saintoul,LFI-NFP,1,https://bsky.app/search?q=Aur%C3%A9lien+Saintoul,1,asaintoul.bsky.social,1
PA794954,Emeric,Salmon,RN,1,https://bsky.app/search?q=Emeric+Salmon,0,,
PA721110,Nicole,Sanquer,LIOT,1,https://bsky.app/search?q=Nicole+Sanquer,0,,
PA605745,Nicolas,Sansu,GDR,1,https://bsky.app/search?q=Nicolas+Sansu,1,nicolas-sansu.bsky.social,1
PA774960,Isabelle,Santiago,SOC,1,https://bsky.app/search?q=Isabelle+Santiago,1,isadef-enf94.bsky.social,1
PA841777,Arnaud,Sanvert,RN,1,https://bsky.app/search?q=Arnaud+Sanvert,0,,
PA610002,Eva,Sas,ECOS,1,https://bsky.app/search?q=Eva+Sas,1,evasas.bsky.social,1
PA340343,Hervé,Saulignac,SOC,1,https://bsky.app/search?q=Herv%C3%A9+Saulignac,1,hsaulignac.bsky.social,0
PA721314,Raphaël,Schellenberger,NI,1,https://bsky.app/search?q=Rapha%C3%ABl+Schellenberger,0,,
PA796050,Philippe,Schreck,RN,1,https://bsky.app/search?q=Philippe+Schreck,0,,
PA795808,Sabrina,Sebaihi,ECOS,1,https://bsky.app/search?q=Sabrina+Sebaihi,1,sabrinasebaihi.bsky.social,1
PA842137,Stéphane,Séjourné,EPR,0,https://bsky.app/search?q=St%C3%A9phane+S%C3%A9journ%C3%A9,0,,
PA757225,Mikaele,Seo,EPR,1,https://bsky.app/search?q=Mikaele+Seo,0,,
PA793416,Freddy,Sertin,EPR,1,https://bsky.app/search?q=Freddy+Sertin,0,,
PA720960,Olivier,Serva,LIOT,1,https://bsky.app/search?q=Olivier+Serva,0,,
PA842255,Anne,Sicard,RN,1,https://bsky.app/search?q=Anne+Sicard,0,,
PA841091,Arnaud,Simion,SOC,1,https://bsky.app/search?q=Arnaud+Simion,1,arnaudsimion.bsky.social,1
PA796018,Danielle,Simonnet,ECOS,1,https://bsky.app/search?q=Danielle+Simonnet,1,simonnetdeputee.bsky.social,1
PA794802,Charles,Sitzenstuhl,EPR,1,https://bsky.app/search?q=Charles+Sitzenstuhl,0,,
PA720190,Bertrand,Sorre,EPR,1,https://bsky.app/search?q=Bertrand+Sorre,0,,
PA841681,Thierry,Sother,SOC,1,https://bsky.app/search?q=Thierry+Sother,1,thierrysother.bsky.social,1
PA795466,Ersilia,Soudais,LFI-NFP,1,https://bsky.app/search?q=Ersilia+Soudais,1,ersiliasoudais.bsky.social,1
PA794486,Violette,Spillebout,EPR,1,https://bsky.app/search?q=Violette+Spillebout,0,,
PA793744,Anne,Stambach-Terrenoir,LFI-NFP,1,https://bsky.app/search?q=Anne+Stambach-Terrenoir,1,annestambach.bsky.social,1
PA267794,Michèle,Tabarot,DR,1,https://bsky.app/search?q=Mich%C3%A8le+Tabarot,0,,
PA720952,Aurélien,Taché,LFI-NFP,1,https://bsky.app/search?q=Aur%C3%A9lien+Tach%C3%A9,0,,
PA793382,Emmanuel,Taché de la Pagerie,RN,1,https://bsky.app/search?q=Emmanuel+Tach%C3%A9%20de%20la%20Pagerie,0,,
PA736201,Sophie,Taillé-Polian,ECOS,1,https://bsky.app/search?q=Sophie+Taill%C3%A9-Polian,1,sophietaillepolian.bsky.social,1
PA794178,Jean-Pierre,Taite,DR,1,https://bsky.app/search?q=Jean-Pierre+Taite,0,,
PA719550,Liliana,Tanguy,EPR,1,https://bsky.app/search?q=Liliana+Tanguy,0,,
PA795778,Jean-Philippe,Tanguy,RN,1,https://bsky.app/search?q=Jean-Philippe+Tanguy,0,,
PA793796,David,Taupiac,LIOT,1,https://bsky.app/search?q=David+Taupiac,0,,
PA794106,Andrée,Taurinya,LFI-NFP,1,https://bsky.app/search?q=Andr%C3%A9e+Taurinya,1,andreetaurinya.bsky.social,1
PA794166,Matthias,Tavel,LFI-NFP,1,https://bsky.app/search?q=Matthias+Tavel,1,matthiastavel.bsky.social,1
PA794502,Michaël,Taverne,RN,1,https://bsky.app/search?q=Micha%C3%ABl+Taverne,0,,
PA841713,Boris,Tavernier,ECOS,1,https://bsky.app/search?q=Boris+Tavernier,1,boristavernier.bsky.social,1
PA721584,Jean,Terlier,EPR,1,https://bsky.app/search?q=Jean+Terlier,0,,
PA840737,Flavien,Termet,RN,0,https://bsky.app/search?q=Flavien+Termet,0,,
PA841553,Thierry,Tesson,RN,1,https://bsky.app/search?q=Thierry+Tesson,0,,
PA795920,Prisca,Thevenot,EPR,1,https://bsky.app/search?q=Prisca+Thevenot,1,priscathevenot.bsky.social,1
PA841893,Céline,Thiébault-Martinez,SOC,1,https://bsky.app/search?q=C%C3%A9line+Thi%C3%A9bault-Martinez,1,thiebaultceline.bsky.social,1
PA722336,Vincent,Thiébaut,HOR,1,https://bsky.app/search?q=Vincent+Thi%C3%A9baut,0,,
PA643089,Jean-Louis,Thiériot,DR,1,https://bsky.app/search?q=Jean-Louis+Thi%C3%A9riot,0,,
PA793948,Nicolas,Thierry,ECOS,1,https://bsky.app/search?q=Nicolas+Thierry,1,nicolas-thierry.bsky.social,1
PA719822,Sabine,Thillaye,DEM,1,https://bsky.app/search?q=Sabine+Thillaye,1,sabine-thillaye.bsky.social,1
PA793816,Mélanie,Thomin,SOC,1,https://bsky.app/search?q=M%C3%A9lanie+Thomin,1,melaniethomin.bsky.social,0
PA793298,Lionel,Tivoli,RN,1,https://bsky.app/search?q=Lionel+Tivoli,0,,
PA842299,Emmanuel,Tjibaou,GDR,1,https://bsky.app/search?q=Emmanuel+Tjibaou,0,,
PA840781,Romain,Tonussi,RN,1,https://bsky.app/search?q=Romain+Tonussi,0,,
PA607395,Stéphane,Travert,EPR,1,https://bsky.app/search?q=St%C3%A9phane+Travert,0,,
PA840685,Vincent,Trébuchet,UDR,1,https://bsky.app/search?q=Vincent+Tr%C3%A9buchet,0,,
PA795164,Aurélie,Trouvé,LFI-NFP,1,https://bsky.app/search?q=Aur%C3%A9lie+Trouv%C3%A9,1,trouveaurelie.bsky.social,1
PA722162,Nicolas,Turquois,DEM,1,https://bsky.app/search?q=Nicolas+Turquois,0,,
PA719930,Boris,Vallaud,SOC,1,https://bsky.app/search?q=Boris+Vallaud,1,borisvallaud.bsky.social,1
PA795350,Frédéric,Valletoux,HOR,1,https://bsky.app/search?q=Fr%C3%A9d%C3%A9ric+Valletoux,0,,
PA795596,Paul,Vannier,LFI-NFP,1,https://bsky.app/search?q=Paul+Vannier,1,paulvannier.bsky.social,1
PA794118,Antoine,Vermorel-Marques,DR,1,https://bsky.app/search?q=Antoine+Vermorel-Marques,0,,
PA840809,Gérault,Verny,UDR,1,https://bsky.app/search?q=G%C3%A9rault+Verny,0,,
PA794494,Roger,Vicot,SOC,1,https://bsky.app/search?q=Roger+Vicot,1,rogervicot.bsky.social,1
PA722102,Annie,Vidal,EPR,1,https://bsky.app/search?q=Annie+Vidal,0,,
PA331582,Philippe,Vigier,DEM,1,https://bsky.app/search?q=Philippe+Vigier,0,,
PA607090,Jean-Pierre,Vigier,DR,1,https://bsky.app/search?q=Jean-Pierre+Vigier,0,,
PA719512,Corinne,Vignon,EPR,1,https://bsky.app/search?q=Corinne+Vignon,0,,
PA794946,Antoine,Villedieu,RN,1,https://bsky.app/search?q=Antoine+Villedieu,0,,
PA795026,Anne-Cécile,Violland,HOR,1,https://bsky.app/search?q=Anne-C%C3%A9cile+Violland,0,,
PA721474,Stéphane,Viry,LIOT,1,https://bsky.app/search?q=St%C3%A9phane+Viry,0,,
PA721170,Stéphane,Vojetta,EPR,1,https://bsky.app/search?q=St%C3%A9phane+Vojetta,0,,
PA841575,Frédéric-Pierre,Vos,RN,1,https://bsky.app/search?q=Fr%C3%A9d%C3%A9ric-Pierre+Vos,0,,
PA2940,Dominique,Voynet,ECOS,1,https://bsky.app/search?q=Dominique+Voynet,0,,
PA793194,Lionel,Vuibert,NI,1,https://bsky.app/search?q=Lionel+Vuibert,0,,
PA2952,Jean-Luc,Warsmann,LIOT,1,https://bsky.app/search?q=Jean-Luc+Warsmann,0,,
PA267285,Laurent,Wauquiez,DR,1,https://bsky.app/search?q=Laurent+Wauquiez,0,,
PA841479,Frédéric,Weber,RN,1,https://bsky.app/search?q=Fr%C3%A9d%C3%A9ric+Weber,0,,
PA720992,Jiovanny,William,SOC,1,https://bsky.app/search?q=Jiovanny+William,0,,
PA2960,Éric,Woerth,EPR,1,https://bsky.app/search?q=%C3%89ric+Woerth,1,eric-woerth.bsky.social,0
PA795046,Caroline,Yadan,EPR,1,https://bsky.app/search?q=Caroline+Yadan,0,,
PA796078,Estelle,Youssouffa,LIOT,1,https://bsky.app/search?q=Estelle+Youssouffa,0,,